,titulo,cuerpo,sentimiento
0,Tarjetas de credito cobrando en cripto,"Seg√∫n tengo entendido para cobrar en cripto debes de transformar la moneda, de una p√°gina a otra p√°gina. Convertir a cubo creo y de ah√≠ pasarlo o era al rev√©s?",NEUTRAL
1,Tarjetas de credito cobrando en cripto,"La √∫nica forma de sacar dinero de cryptos es mediante el P2P, si te pagan en USDT, tenes que pedir que paguen en binance y ah√≠ trates de vender tus monedas, una vez hecho eso, podes colocar en tu cuenta bancaria o directamente habilitar que te paguen en tu banco a trav√©s de Binance",NEUTRAL
2,"Estar√≠a interesante conocer personas que esten metidas en el mundo cripto y el trading para intercambiar palabras, escriban!!","Bastante, b√°sicamente si hablamos de inversi√≥n‚Ä¶ la criptomoneda llega a ser una timba m√°s üëçüèª",NEGATIVO
3,"Estar√≠a interesante conocer personas que esten metidas en el mundo cripto y el trading para intercambiar palabras, escriban!!","No creo que haya gente que invierta en eso la verdad, despu√©s de la ca√≠da que tuvo, encima habiendo muchas inversiones mucho m√°s seguras como la de bienes ra√≠ces, crecer el ‚Äúnegocio propio‚Äù, en cambio la criptomonedas caen y claro pueden subir el precio pero es inestable",NEGATIVO
4,"Estar√≠a interesante conocer personas que esten metidas en el mundo cripto y el trading para intercambiar palabras, escriban!!",Viste el market cap de btc? Como que no hay gente que invierte‚Ä¶,POSITIVO
5,"Estar√≠a interesante conocer personas que esten metidas en el mundo cripto y el trading para intercambiar palabras, escriban!!",Si todav√≠a crees que hay gente que gana dinero con eso entonces no aprendiste lo suficiente. Los que realmente viven de eso son un porcentaje bajisimo o son chantas que te venden cursos para disque hacerte millonario. Ni hablar que para realmente ganar dinero tenes que estar dedicado a full al tema. Es mejor producir dinero trabajando e invertirlo en otra cosa (o comprar cripto y olvidarte que existe),NEGATIVO
6,"Estar√≠a interesante conocer personas que esten metidas en el mundo cripto y el trading para intercambiar palabras, escriban!!","Perd√≥n mi ignorancia que es eso, y suelo andar pendiente a BTC",NEUTRAL
7,"Paraguay proh√≠be cripto. Debo vender mi Bitcoin antes de la nuevo ley o que? No quiero estar criminal. No soy minador, solo tengo un poco Bitcoin como inversion.","Me parece que est√°s mezclado las cosas, pod√©s tener Bitcoin o ETH en una ledger y es totalmente an√≥nimo, Ledger o cualquier cold wallet no sabe nada de vos. Si los ten√©s en un exchange como Binance o Coinbase ya se complica porque ellos saben tu identidad y pueden informar al fisco lo que ten√©s en tu cuenta... 
Es un proyecto de ley as√≠ que no me apurar√≠a... En china hay much√≠sima gente con Cripto a pesar de estar vetadas y no pasa nada 
BTC se creo para esto justamente, porque el gobierno cree que puede decirte en qu√© invertir o que comprar, despu√©s deval√∫an la moneda o te hacen un corralito y se quedan con tu dinero.",POSITIVO
8,"Paraguay proh√≠be cripto. Debo vender mi Bitcoin antes de la nuevo ley o que? No quiero estar criminal. No soy minador, solo tengo un poco Bitcoin como inversion.",creo que lo que se prohibio fueron las granjas mineras de bitcoin OP...,NEUTRAL
9,"Paraguay proh√≠be cripto. Debo vender mi Bitcoin antes de la nuevo ley o que? No quiero estar criminal. No soy minador, solo tengo un poco Bitcoin como inversion.",Quiero comprar criptos alguien vende?,NEUTRAL
10,"Paraguay proh√≠be cripto. Debo vender mi Bitcoin antes de la nuevo ley o que? No quiero estar criminal. No soy minador, solo tengo un poco Bitcoin como inversion.","En China es legal tener Bitcoin. [  
Solo es illegal por institution financiera facilitar transacciones de bitcoin, y tambien es illegal la minar.

El solo pais donde es illegal tener bitcoin ahora es Algeria.",NEUTRAL
11,"Paraguay proh√≠be cripto. Debo vender mi Bitcoin antes de la nuevo ley o que? No quiero estar criminal. No soy minador, solo tengo un poco Bitcoin como inversion.","Supongo ""conservacion"" o ""almacenamiento"" significa que no esta bien por paraguayos tener cripto.

""QUE PROH√çBE TEMPORALMENTE LA CREACI√ìN, CONSERVACI√ìN, ALMACENAMIENTO Y COMERCIALIZACI√ìN DE ACTIVOS VIRTUALES O CRIPTOACTIVOS, CRIPTOMONEDAS Y...""  
[",NEGATIVO
12,"Paraguay proh√≠be cripto. Debo vender mi Bitcoin antes de la nuevo ley o que? No quiero estar criminal. No soy minador, solo tengo un poco Bitcoin como inversion.","Nunca dije que era ilegal dije que vetadas porque las instituciones tienen prohibido su uso y las iCO est√°n vetadas.. pero independiente de eso, BTC es an√≥nimo si lo ten√©s bajo tu custodia",NEUTRAL
13,"Paraguay proh√≠be cripto. Debo vender mi Bitcoin antes de la nuevo ley o que? No quiero estar criminal. No soy minador, solo tengo un poco Bitcoin como inversion.","es que es ridiculo, literalmente no hay metodo que pruebe que sos due√±o de x cantidad de crypto, ese es el punto del crypto que sea 100% anonimo, ahora las granjas ya son otra cosa por que necesitas un lugar fisico si o si",NEGATIVO
14,"Paraguay proh√≠be cripto. Debo vender mi Bitcoin antes de la nuevo ley o que? No quiero estar criminal. No soy minador, solo tengo un poco Bitcoin como inversion.","Estos mongos de redactores de ley con esa definici√≥n pueden llegar a hacer ilegal las firmas digitales en una operaci√≥n bancaria. Que mala redacci√≥n, definiciones y ley en general.",NEGATIVO
15,"Paraguay proh√≠be cripto. Debo vender mi Bitcoin antes de la nuevo ley o que? No quiero estar criminal. No soy minador, solo tengo un poco Bitcoin como inversion.","Y si necesito usar eso BTC para comprar comida, y pagar la alquila?",NEUTRAL
16,"Paraguay proh√≠be cripto. Debo vender mi Bitcoin antes de la nuevo ley o que? No quiero estar criminal. No soy minador, solo tengo un poco Bitcoin como inversion.","No cada cripto es anonimo. ZCash y Monero son anonimo. Pero los popular como Bitcoin o Ethereum no son anonimo.   
James Zhong por ejemplo fue capturado por tener Bitcoin que el roba.  


Tambien hay gente que son un famoso por participar en cripto. Como Vitalik Buterin.   
El no puede esconder que tiene cripto.  
Eso significa es illegal por Vitalik visitar a Paraguay?",NEGATIVO
17,"Paraguay proh√≠be cripto. Debo vender mi Bitcoin antes de la nuevo ley o que? No quiero estar criminal. No soy minador, solo tengo un poco Bitcoin como inversion.","tenes razon, por suerte vendi todo mi crypto en 2021 jajajja",NEGATIVO
18,"Paraguay proh√≠be cripto. Debo vender mi Bitcoin antes de la nuevo ley o que? No quiero estar criminal. No soy minador, solo tengo un poco Bitcoin como inversion.",localbitcoins ahora no existe. Como encontran gente para p2p?,NEUTRAL
19,Minerar Cripto en Paraguay,"me siento que estoy otra vez en pandemia.   
bien por ti que quieras hacer eso pero como ya hasta le dije a mi viejo, minar era lo de aaantes. Ahora te va salir mas caro tu equipo y la factura de ande antes que te sea rentable lo que vayas a minar",NEGATIVO
20,Minerar Cripto en Paraguay,Las minerias de cripto aqu√≠ en Paraguay son para lavar dinero.,NEGATIVO
21,Minerar Cripto en Paraguay,"El tema de la mineria de cryptos esta regulado, necesitas un permiso especial de la ANDE, que no va a ser facil conseguir, no se puede pedir online, vas a tener que ir a la ANDE a pelearte con la burocracia para llenar el formulario y a menos que tengas a algun politico de peso, tampoco te van a dar porque ya no estaban dando. Segundo tenes que hacer lo mismo en el ministerio de industria y comercio, este segundo es mas dificil aun. Tambien como los criptoactivos estan regulados, vas a tener que pagar impuestos por lo que tambien es otro tramite en hacienda.

Fijate si los numeros te cierran antes de comprar cualquier equipo, la electricidad de ANDE tiene un costo entre 10% y 50% mas caro que los usuarios residenciales, el sistema esta armado para que ya otra vez solo los politicos puedan ganar plata o para que trabajes marginalmente.",NEGATIVO
22,Minerar Cripto en Paraguay,A lo mejor alguien en el telegram de cripto de paraguay sabe,NEUTRAL
23,Minerar Cripto en Paraguay,Si yo tambien siento lo mismo pero la idea que tengo es trabajar con gente del Brasil ya que minar all√° es mas dif√≠cil,NEGATIVO
24,Minerar Cripto en Paraguay,"Si eso se que hoy d√≠a es un poco mas complicado que antes, antes era mucho mas facil pero como lo que quiero hacer es trabajar con gente del brasil y arquilarles el espacio para que ellos me manden sus maquinas lo veo rentable y tambien que ahora esta subiendo el bitcoin veo un panorama razonable",POSITIVO
25,Minerar Cripto en Paraguay,"para mi que hay mil formas menos complejas, como se lava dinero con una granja de bitcoins?",NEUTRAL
26,Minerar Cripto en Paraguay,"no mucho, mi conocimiento a lo mucho era de aquella epoca donda usabas tu targeta grafica y minabas unos dias, y el aclamado juegos de estafa piramidal donde consgui unos cien dolarucos. A lo mucho lo que la gente minaban era Ethereum y no bitcoin, y habia paginas donde calculabas el profit por cada targeta grafica.   
hoy en dia ni idea. y no creo q este sea el sub indicado, deberias ir en un subrredit dedicado a los cryptobros",NEUTRAL
27,Minar cripto py,"Muy tarde la vd. El auge de las crypto fue la temporada de COVID en noviembre-enero del si no mal recuerdo el 2020/21. Que en ese momento yo entre en una de esas ""estafas piramidal"" y termine sacando 100$. Despues en febrero y el sigte casi todas las monedas (bnb, etherium, btc, etc) empezaron a caer en picadas perdiendo casi hasta un 70% de su valor. Hoy en d√≠a necesitas una m√°quina muy potente, conectada 24/7 en un ambiente fresco(cosa que dudo en el pa√≠s que vivimos en verano) y alto consumo vas tener",NEGATIVO
28,Cripto Moneda,Podr√≠as explorar el grupo m√°s activo de crypto en PY: [,NEUTRAL
29,Cripto Moneda,"No, es una nueva criptomoneda que pod√©s minar desde tu smartphone, a fin de a√±o sale oficialmente al mercado y va a tener una tasaci√≥n real, ahora mismo no vale nada pero ya pod√©s minar.",NEUTRAL
30,Criptomonedas.,"Porque no hablas con Sebasti√°n Castillo, el que cambia criptos en tiktok tiene su perfil y contacto",NEUTRAL
31,Criptomonedas.,Binance P2P.,NEUTRAL
32,Criptomonedas.,"efectivizar bitcoins? ya son efectivos, lo que queres es cambiarlos... podes hacerlo en algun exchange o con cualquiera que quiera comprarlos. hay una comunidad en teleram de criptos donde hay varios que compran y venden. 

el como te paguen ya lo acordas con ellos.",NEUTRAL
33,Criptomonedas.,"B√°sicamente vendes tus criptos a otra persona que quiera comprar, el comprador te transfiere a la cuenta de banco de tu preferencia. Eso seria P2P.",NEUTRAL
34,Criptomonedas.,Vos le env√≠as tu btc en binance y ellos te transfieren a tu cuenta de banco,NEUTRAL
35,Criptomonedas.,"Entiendo, pero las criptos que adquiriste para venderle a otra persona, tambi√©n las compras de binance o de otra plataforma?",NEUTRAL
36,Criptomonedas.,Entiendo y atrav√©s de que plataforma adquiris los bitcoins para enviarlos a binance?,NEUTRAL
37,Criptomonedas.,"Kp en binance mismo pod√©s comprar, te sugiero investigues bien y no conf√≠es en cualquiera porque pod√©s salir estafado, por lo que escrib√≠s intuyo que sos nuevo con las cripto. Investig√° primero lo que es p2p de binance",NEGATIVO
38,Criptomonedas.,"Yo la primera vez que compre criptos fue por binance pero con el tiempo tuve un contacto que me pasa usdt directamente a la plataforma que le pido, es mucho mejor",NEUTRAL
39,C√≥mo hacen para cobrar en USDT o criptomonedas sus trabajos? y en que plataformas o apps lo hacen? Fiverr y upwork no tienen esas opciones,"En mi caso, me mandan luego el dinero a una billetera en usd, de ahi paso directamente a usdt en binance y de binance cambio en p2p para tener en mi cuenta en gs. Simple, rapido y seguro",POSITIVO
40,La ANDE √∫ltimamente anda incautando muchas m√°quinas de Criptomonedas. la gente es muy evidente o como cre√©n que son descubiertos?,Quiere alguien pensar en los cripto Bros que solo se instalan ilegalmente.. pobrecitos..,NEGATIVO
41,La ANDE √∫ltimamente anda incautando muchas m√°quinas de Criptomonedas. la gente es muy evidente o como cre√©n que son descubiertos?,"No hay forma de ocultar ese feroz consumo de energia, por eso enseguida les cazan. De hecho, evadiendo gastos nada mas es rentable minar criptomonedas hoy dia",NEGATIVO
42,La ANDE √∫ltimamente anda incautando muchas m√°quinas de Criptomonedas. la gente es muy evidente o como cre√©n que son descubiertos?,"Hasta d√≥nde yo s√© el hecho de minar no es ilegal, lo ilegal es que roban energ√≠a porque de otra forma no les ser√≠a rentable",NEGATIVO
43,La ANDE √∫ltimamente anda incautando muchas m√°quinas de Criptomonedas. la gente es muy evidente o como cre√©n que son descubiertos?,"Si y no, porque el consumo de las m√°quinas de las cripto son de alta demanda. Y los c√°lculos se hacen casi justo por zona",NEUTRAL
44,D√≥nde cambiar criptomonedas a d√≥lares o guaran√≠es en Paraguay?,Binance P2P,NEUTRAL
45,Pagar con criptomonedas en comercios o lugares gastron√≥micos en Paraguay,"Uuu recuerdo en el 2017 cuando se puso de moda d9, hasta las playas de autom√≥viles te aceptaban bitcoin , ahora no se",NEUTRAL
46,Pagar con criptomonedas en comercios o lugares gastron√≥micos en Paraguay,Nunca vi en paraguay que acepten criptos en negocios en general,NEUTRAL
47,Paraguay y criptomonedas,"El ""boom"" es c√≠clico, si buscas bien vas a encontrar que cada a√±o se toca el tema.
Opini√≥n personal, creo que todo lo que pod√≠as hacer mal, lo hiciste mal. Pero dentro de todo es bueno para adquirir experiencia.
Podes mirar el grupo de telegram Hashpy, creo que es la comunidad crypto m√°s grande del pa√≠s, sirve para aprender de los errores de los dem√°s.",POSITIVO
48,Paraguay y criptomonedas,"Buenas, la forma m√°s f√°cil y relativamente segura es tener una cuenta en Binance y comprar por el p2p de esa plataforma, tiene un sistema donde vos eleg√≠s el precio y pod√©s ver la calificaci√≥n de los vendedores, el precio fluct√∫a mucho porque se rige por oferta y demanda y no es raro que este igual o m√°s bajo que el d√≥lar en casa de cambio... Abr√≠s la orden, te pasan una cuenta, haces la transferencia bancaria, pasas el comprobante en el chat y despu√©s te liberan los usdt a tu cuenta de Binance. En todo el proceso Binance tiene congelados los usdt del vendedor, es decir que si el vendedor intenta estafarte Binance una vez reclamado y enviando el comprobante puede liberar esos fondos a tu cuenta... Por eso es raro que las transacciones no se concreten normalmente...
Tambi√©n creo que las leyes tiene que clarificarse y legislarse, es dif√≠cil entender que los bancos decidan d√≥nde pod√©s o no pod√©s gastar tu dinero, no es solo Crypto es AliExpress y otras plataformas d√≥nde te protegen supuestamente de no ""perder tu dinero"", pero si permiten apuestas por ejemplo...",POSITIVO
49,Paraguay y criptomonedas,Si quer√©s comprar btc lo mejor era comprar usdt y desde binance pod√©s comprar btc¬† y luego mandas a una billetera fr√≠a si quer√©s m√°s seguridad,NEUTRAL
50,Paraguay y criptomonedas,"No entiendo porque a la gente le gusta tanto binance, ya los hackearon m√∫ltiples veces. Cuando tenia crypto usaba Kraken, que creo que es de las m√°s seguras, financieramente y cibern√©ticamente.",NEGATIVO
51,Paraguay y criptomonedas,"No la uso m√°s que por el p2p, no es cuesti√≥n de gustos, es la m√°s popular y pr√°cticamente la √∫nica que se usa ac√° en Paraguay",NEUTRAL
52,CRIPTOMONEDAS EN PARAGUAY,"¬°Hola! Entiendo tu inter√©s y entusiasmo por las criptomonedas. Me gustar√≠a presentarte X4T, el primer exchange de criptomonedas completamente desarrollado en Paraguay. En X4T, ofrecemos una plataforma segura y f√°cil de usar para comprar, vender e intercambiar criptomonedas. 

&#x200B;

Adem√°s de nuestras operaciones de intercambio, contamos con un blog en espa√±ol lleno de art√≠culos interesantes que cubren diversos temas del espacio cripto. Este recurso puede ser particularmente √∫til para aprender y expandir conocimientos en criptomonedas.

&#x200B;

En X4T, entendemos que el mundo de las criptomonedas puede ser complejo, por eso tambi√©n tenemos un centro de soporte donde explicamos c√≥mo funciona X4T, c√≥mo utilizar nuestra plataforma y otros detalles importantes. Y si en alg√∫n momento tienes preguntas o necesitas asistencia, nuestro servicio de atenci√≥n al cliente est√° disponible 24/7 para resolver cualquier inquietud que puedas tener.

&#x200B;

Te invitamos a explorar nuestra plataforma y a aprovechar los recursos que ofrecemos para apoyar tu viaje en el mundo de las criptomonedas. ¬°Esperamos verte¬†pronto¬†en¬†X4T!",POSITIVO
53,CRIPTOMONEDAS EN PARAGUAY,"Yo estoy operando forex o mercado de divisas, aveces tengo ganas de buscar socios de negocio pero dif√≠cil entiendan no es para todos, y muchos se quieren hacer millonarios y no es asii. En crypto es lo m√°s peligroso que pod√©s hacer, como dice un amigo el Diablo es eso jaja mejor c√≥mprate un helado y disfruta por ese dinero que regalarle a los brokers",NEUTRAL
54,CRIPTOMONEDAS EN PARAGUAY,"Nahh, si compras Cryptos que se basan en buenos proyectos tarde o temprano sacas profit o en el peor de los casos recuperas tu inversion. Lo que no recomiendo es comprar Tokens, ya que suelen ser muy volatiles, podes hacer un muy alto margen si tenes suerte y sabes cuando salir o... podes perder todo. Son de muy alto riesgo. 

Ahora si no sabes diferenciar entre una crypto y un Token no hace falta que comentes al respecto. Si sabes, sos bienvenido a defender tu comentario. 
El bull market del crypto market va a empezar en 1 a√±o aprox, asi que no es mal momento para comprar en alguna baja que se presente en los siguientes meses.",POSITIVO
55,CRIPTOMONEDAS EN PARAGUAY,"Justamente el hecho de poder decentralizar la economia es lo que lo hace interesante y es clave para que tenga un futuro prospero. 

Por si no sabes la econom√≠a centralizada es manipulado d√≠a a d√≠a y no te parece importar. 

Desde que empec√© a invertir en crypto(2017) hasta ahora, entre mis margenes de perdida y gananc√≠a estoy 7300‚Ç¨ arriba. Y eso estando ahora en un Bearish market.
 
Que vos hayas perdido tu dinero no significa que sea mala inversion. Espero que no se entienda mal, esto no quiere decir que no sea arriesgado. Es m√°s, es el mercado con m√°s riesgo si es que no sabes donde meter tu dinero, ya que hoy en d√≠a a miles de proyectos sin ningun obejtivo o funcionalidad que solucione alg√∫na problematica. Hay varios proyectos que si estan desarrollando todo un ecosistema para la economia del futuro, en donde los contratos inteligentes y las Blockchains pueden ser utilizadas para validar transacciones de manera mucho m√°s segura y rapida de lo que hoy en d√≠a se puede hacer. Adem√°s es la base de la Web3, que tarde o temprano va a ser una realidad ya que es el comienzo de un mercado globalizado y la digitalizaci√≥n. 

Te comento todo esto porque estudio Computer Science en Europa, no son solo comentarios y rumores de lo que escuch√© por ah√≠.

Si investigas un poco te dar√≠as cuenta del potencial, y lo inevitable que es que las cryptos terminen reemplazando el Fiat. 

Por cierto quiero que quede bien claro que hablo sobre Crypto y no ""X"" Token que se mueve en base a 100% especulaci√≥n.

Como no me respondiste sobre la diferencia entre una Crypto y un token, as√∫mo que no tenes ni idea de lo que estas hablando, y basas tus opiniones en lo que escuchaste de los dem√°s y no en investigaci√≥n y experiencia propia. 

De igual manera, existen Cryptos centralizadas, para tu mera informaci√≥n, por lo que tu fundamento de que no puede ser centralizado no tiene sentido. Investiga un poco sobre Ripple por si queres informarte sobre protocolos centralizados. 

Y como ultimo dato el SEC en USA esta por determinar Bitcoin como Security. Eso dice mucho sobre lo inevitable que es que las Cryptomonedas se implementen en la economia mundial.
Blackrock y Vanguard tambien tienen una cantidad brutal de crypto que fueron comprando en el bearish market de los ultimos 2 a√±os.",POSITIVO
56,CRIPTOMONEDAS EN PARAGUAY,"Tenes totalmente la raz√≥n, no vale la pena discutir y perder mi tiempo en un tema en donde no recibo respuestas fundamentadas. 

Y tampoco es que sea un fan de Crypto, pero tampoco soy un hater. En mi experiencia personal invirtiendo en diferentes mercados no me puedo quejar del Cryptomarket. Fue el que m√°s rendimiento me creo a lo largo de los a√±os. De igual manera la mayor√≠a de mis inversiones estan en el Bursatil, donde si hay menor margen de ganancia pero mayor seguridad.

Con respecto al comentario ""Que vos hayas perdido tu dinero"" lo comente porque la gente que suele perder su dinero en crypto comenta igualito que vos. 

Igual concuerdo contigo sobre que la mayor√≠a del cryptomarket es apuesta, pero eso no saca el hecho de que la tecnolog√≠a que se este desarollando no sea legitima y eventualmente el futuro. 

No s√© como esta el tema de Crypto en Paraguay ahora, pero ac√° en EU se nota cada vez m√°s la implementaci√≥n de su uso en el comercio cotidiano. 

Quizas es simplemente eso lo que te falta ver para dejar todo ese rencor de ladoüòâ y estar abierto a los avances tecnologicos que se estan implementando.

Pd: no me tomes a mal los comentarios, pero me parece que no es valido hablar mal de Crypto sin haber estudiado sobre eso desde un punto tecnico. Y concuerdo contigo totalmente que es un mercado muy pero muy arriesgado, pero eso no significa que todo es estafa. 

Adem√°s el fiat tampoco es muy confiable que digamos, y eso podemos comprobar con la inflaci√≥n que el mundo esta viviendo ultimamente. Estamos viviendo tiempos de incertidubre y es 100% comprensible que nos cuestionemos donde nos conviene resguardar nuestros activos.",POSITIVO
57,Criptomonedas,"Osea que le puedo vender mis criptos? Tengo uno q se llama KoK, no es muy famoso",NEUTRAL
58,Efectivizar Criptomonedas en Paraguay,"Binace p2p , satochipa",NEUTRAL
59,Efectivizar Criptomonedas,"Si est√°s en Binance porque no usas el P2P ? alli busca a los traders paraguayos, te comunicas con ellos por TG y listo.",NEUTRAL
60,Efectivizar Criptomonedas,"Para efectivizarlas en particular utilizo esta web: [ Creas tu cuenta (la verificas), transfieres tus criptos all√≠ luego las vendes para que el dinero generado por la venta lo puedas transferir a tu tarjeta d√©bito/cr√©dito o cuenta bancaria",NEUTRAL
61,criptomonedas en paraguay,Existe un grupo de Telegram llamado HashPy con m√°s de 1500 miembros donde te pueden ayudar a dar el primer paso al mundo del crypto. Generalmente se considera que el mejor medio de compra es binance por el m√©todo P2P y estoy de acuerdo.,POSITIVO
62,criptomonedas en paraguay,"Podes comprar con tarjeta de cr√©dito , al menos el del Banco Continental funciona, el de Regional no permit√≠a (son unos perros de mierda). ahora capaz le chutaron a su gerente.

Podes comprar en Binance en P2P. lo del minimo ni idea. 

Si vas a comprar muy poco, no tengo idea para que lo quieres , buscate nomas airdrops (lluvia de dinerillo) o algunas faucet's (canillas) y junta de a poco.

Hay muchos lugares donde podes entrar con eso. solo cuidate que cualquier tipo/a  que te escriba en telegram el 99.9 % son estafadores. cualquiera que te escriba primero y tenga un nombre est√∫pido, bloqueale ,porque al pedo vas a querer entablar algo con el estafador.

Yo suelo registrarme  en nuevos exchanges y por el deposito de una suma , te regalan o tambien podes hacer publicidad y te pagan.

En coingecko por ejemplo me pag√≥ unos 110 dolares por comprar un airdrop con el caramelito que tenes que pedir todos los d√≠as , esper√© que suba el token y lo vend√≠ y asi me vino del ""cielo"" la platita. 

Obviamente no es de la noche a la ma√±ana pero si est√°s atento , podes hacer buena platita.

bueno, ojal√° te sirva.",POSITIVO
63,D√≥nde comprar criptomonedas en Paraguay?,Busca un grupo de telegram se llama hashpy ah√≠ podes comprar p2p 100% confiable,POSITIVO
64,D√≥nde comprar criptomonedas en Paraguay?,No compres crypto de una exchange dios mio. Mira nomas lo que pas√≥ con FTX. Comprar de estas empresas es la cosa m√°s vaga que podes hacer y si tan vago sos de primera no tenes que meterte en estas inversiones vol√°tiles.,NEGATIVO
65,D√≥nde comprar criptomonedas en Paraguay?,Se puede pasar las criptos a una Wallet?,NEUTRAL
66,"Trabajo para una grande empresa de miner√≠a de criptomonedas en Paraguay, hagan sus preguntas.",Como se valora la criptomoneda ?,NEUTRAL
67,"Trabajo para una grande empresa de miner√≠a de criptomonedas en Paraguay, hagan sus preguntas.",C√≥mo justifican movimientos bancarios con crypto?,NEUTRAL
68,"Trabajo para una grande empresa de miner√≠a de criptomonedas en Paraguay, hagan sus preguntas.",Nde que lo que minan m√°s si bitcoin y ethereum ya no son mas prof of work sino prof of stake? Shiba y doge ü§îü§îü§î,NEUTRAL
69,"Trabajo para una grande empresa de miner√≠a de criptomonedas en Paraguay, hagan sus preguntas.","En este momento, no considero que la miner√≠a sea rentable, desde el merge the ETH, nosotros los mineros nos fuimos a cualquier moneda que sea minable, pero de momento ninguna se compara a la ganancia de ETH, pero para no dejarte sin una respuesta: muchas jaja",NEGATIVO
70,"Trabajo para una grande empresa de miner√≠a de criptomonedas en Paraguay, hagan sus preguntas.","Bitcoin no dej√≥ de ser POW, solamente ETH, d√≥nde trabajo usamos tanto ASICS como GPUs, para las ASICS > BTC y para los GPUS > ETC y RVN por el momento.",NEUTRAL
71,"Trabajo para una grande empresa de miner√≠a de criptomonedas en Paraguay, hagan sus preguntas.","Bastante, m√°s por contractos que por la miner√≠a en s√≠.",NEUTRAL
72,"Criptomonedas; que opinan del proyecto de ley; a favor, en contra, sugerencias?","No encuentro la ley para revisar. Pero cuanto menos se meta el estado mejor. Especialmente con la calidad de legisladores que tenemos.

La ANDE no tiene porque restringir los que haces con la energ√≠a que pagas. Por supuesto, no tiene obligaci√≥n tampoco de darte una tarifa subsidiada, pero pagando la tarifa regular deber√≠as poder hacer lo que quieras.

Desde cuando se vi√≥ que necesites un permiso del estado para hacer alguna actividad privada que no perjudica a nadie, tenga o no beneficio econ√≥mico.

Muy poca gente entiende la tecnolog√≠a. La mayoria opina como si fuese una actividad da√±ina que necesita limitarse.
El hecho es que si queres invertir en esto te importa muy poco si es en Paraguay, China o el lugar que sea.
Si ac√° no es rentable, la plata se va a otro pa√≠s y cuesta muy poco mudarse.

Mientras estemos regalando energ√≠a Paraguaya de Itaipu a Brazil la ANDE deber√≠a trabajar para que sus clientes puedan disponer al m√°ximo de energ√≠a, no poner peros a su trabajo.

Lo m√°ximo que deber√≠a hacer la ANDE es definir una tarifa particular y nada m√°s.",NEGATIVO
73,"Criptomonedas; que opinan del proyecto de ley; a favor, en contra, sugerencias?","Que los mineros de bitcoin me la pelan y estar√≠a contento con que el estado ""les regule"", no porque conf√≠e en el estado, sino para que les rompan el cuero.",NEGATIVO
74,"Criptomonedas; que opinan del proyecto de ley; a favor, en contra, sugerencias?","me gustaria de ir para paraguay y minerar criptomonedas.

&#x200B;

Me parece bien, alguien por aqui hace mineracion con asics o gpus?",NEUTRAL
75,"Criptomonedas; que opinan del proyecto de ley; a favor, en contra, sugerencias?","El tema es que el minado de criptomonedas siempre vienen con un cierto numero de problemas. 

Primero desde un punto de vista Macroeconomico no es un buen mercado debido a que tiene un consumo de energia gigantesco y en cambio no genera fuentes de trabajo (o por lo menos a un nivel apropiado). Ademas no es ni necesario que el due√±o sea paraguayo asi que la mayoria del dinero generado podria terminar no siendo retenido en el pais.

Hay paises que literalmente estan regulando o simplemente cerrando mineras de criptomonedas debido a que consumen demasiada energia (China, Islandia, y Suecia). En Islandia un pais similar al nuestro donde generaban superavit de energia renovable se llego a un punto que las mineras consumian mas electricidad que todos los hogares del pais.

Por su caracteristicas es un mercado MUY dificil de regular. Ya sea del punto de vista del lavado de dinero o del impositivo.",NEGATIVO
76,"Criptomonedas; que opinan del proyecto de ley; a favor, en contra, sugerencias?","Justamente la parte que mencionas es la que queda fuera de varios de los proyectos de ley al respecto, me refiero a que el estado tenga noci√≥n de cu√°nto valor se est√° generando con la energ√≠a, de hecho que muchos de los mineros de PY ni siquiera liquidan esas criptos en el pa√≠s, queda todo offshore... Incluso en un momento se intent√≥ argumentar que la miner√≠a es como la maquila y que el ""producto"" generado son los Bitcoins, todo para conseguir m√°s exoneraciones, etc.

Tambi√©n creo que es importante analizar la industria en su estado actual antes de proponer cualquier pol√≠tica p√∫blica, un ejemplo, la empresa BitFarms maneja una operativa de casi 200 MW y genera decenas de millones de USD al a√±o, en algunos a√±os incluso cientos de millones de USD. Los m√°rgenes se mantienen entre 40 a 70% por a√±o, siempre dependiendo de la fluctuaci√≥n del valor del Bitcoin obviamente. En Paraguay, dos de los proyectos que fueron asignados por la ANDE totalizan ese nivel de potencia, que de explotarse en su totalidad podr√≠a llegar a esos niveles de revenue. Un tema real y concreto es que en 10 a√±os o menos PY necesitar√° comprar o generar energ√≠a para cubrir la demanda que existir√°, ¬øno les parece que si se incentiva la miner√≠a a gran escala, no solo se acortar√° esta proyecci√≥n sino que queda sin resolver c√≥mo har√° PY para lidiar con la demanda del futuro? Los mineros dentro de 10 a√±os o menos apagar√°n sus equipos y se mudar√°n al pr√≥ximo pa√≠s donde haya buena tarifa. Seg√∫n la ANDE la inversi√≥n que PY requiere para este futuro es de unos 8000 millones de d√≥lares.

Otro tema que me molesta es la idea de declarar a la miner√≠a de cripto como una industria creativa e innovadora para conseguir exoneraciones fiscales -esto se mencion√≥ en varios momentos durante la discusi√≥n de la ley-, me parece que bajo esos argumentos hay muchas otras industrias que pueden calificar, incluso con menor impacto ambiental y mayor derrame, m√°s mano de obra, etc.",NEGATIVO
77,"Criptomonedas; que opinan del proyecto de ley; a favor, en contra, sugerencias?",Minerar? queres decir minar?,NEUTRAL
78,"Criptomonedas; que opinan del proyecto de ley; a favor, en contra, sugerencias?","El tema es que muchos pa√≠ses subsidian la tarifa de energ√≠a y por ende quieren decidir cu√°les son actividades son buenas o malas para el pa√≠s.

Yo creo que la tarifa de energ√≠a debe dar para cubrir los costos y generar algo de ganancia para el pa√≠s y desde ah√≠ que los clientes hagan lo que quieran con esa energ√≠a.

Las tecnolog√≠as de cryptomonedas justamente tienen el beneficio que no est√°n atados a una geograf√≠a o jurisdicci√≥n en particular. Es algo muy b√°sico que debe entender cualquiera antes de opinar sobre el tema.

Quienes no entienden esta nueva tecnologia, que no se compara con cualquier otra actividad industrial, quieren la inversi√≥n que atrae pero luego piensan en trabas para que no salga de vuelta la plata cuando justamente el poder moverse sin trabas es un beneficio nuevo que aporta esta tecnologia.

Sobre el tema de lavado de dinero, las cripto monedas no son mejores que el efectivo y a nadie se le ocurrir√≠a prohibir la moneda en efectivo. Pues as√≠ mismo de rid√≠culo suena cuando alguien quiere prohibir las cryptomonedas o su comercio. Es como si alguien quisiera prohibir las matem√°ticas. Porque al fin y al cabo son solamente eso las cryptomonedas.

Otro argumento es que consumen ""mucha"" energ√≠a. A alguien se le ocurrir√≠a cerrar un banco porque consume mucha energ√≠a?
Si es cierto que no requieren mucho personal, pero esto no es un atributo propio de las criptomonedas sino de la tecnolog√≠a inform√°tica/electronica moderna. Cuanto menos gente se necesita m√°s eficiente es.el trabajo producido. O en otras palabras cuanto m√°s trabajo puedan hacer las m√°quinas sin necesidad de personas, m√°s eficiente es.
Imag√≠nate querer cerrar un datacenter moderno  porque la cantidad de empleados no es lo que a un pol√≠tico le conviene. 
Lo √∫nico que falta es que empiecen a suspender las computadoras porque ""le sacan trabajo a la gente"". El √∫nico lugar donde escucharias eso es en el IPS o en alg√∫n organismo del estado que sigue operando como en el siglo 19.

Pero todas estas son excusas nomas. Ac√° el ""problema"" de fondo es que las cryptomonedas no necesitan del sustento de un gobierno o banco para existir y eso a muchos no les conviene, sencillo es.

Lo que tienen que hacer los pa√≠ses es asegurar que no ingrese plata sucia a su sistema bancario y luego de eso que la gente haga lo que quiera si no perjudica a los dem√°s.",POSITIVO
79,"Criptomonedas; que opinan del proyecto de ley; a favor, en contra, sugerencias?","Hay que entender la tecnolog√≠a para opinar con fundamento. No es muy preciso explicar el funcionamiento del bitcoin usando analog√≠as de otras tecnolog√≠as o industrias. Les recomiendo cualquier libro de Andreas Antonoupolous para entender de verdad la tecnolog√≠a.

El hecho es que el BTC (Bitcoin) y dem√°s criptomonedas son algo nuevo que hacen algo que nunca se ha podido hacer antes. Funcionar como un medio de pago que no dependa de terceras partes, sean estados, bancos o lo que sea. Tampoco tiene geograf√≠a, los BTC son un problema matem√°tico abierto  y el que puede disponer de √©l es el que sepa la solucion correspondiente. En otras palabras, se basa s√≥lo en conocimiento.

Para obtener el mejor resultado la gente que pretenda hacer negocio con el BTC debe entender como funciona. Los mismo para el lado de la ANDE. Ellos deben tomarse el trabajo de entender la tecnolog√≠a y definir tarifas variables que generen ganancias y tambi√©n dejen margen a los mineros para funcionar a mediano plazo en forma relativamente predecible.
No tieme sentido tratar de buscar analog√≠as en industrias del siglo 19 y tratar de aplicar impuestos seg√∫n estas analog√≠as.

La ANDE y todos el mundo tiene a su disposici√≥n los  precios del BTC, la capacidad de la red Bitcoin y todos los par√°metros de funcionamientos del sistema.
Con eso puede definir la mejor tarifa mes a mes, dia a dia u hora a hora si quiere para que el negocio sea sostenible para ambas partes.

Otra cosa, parece que la mayoria no sabe que los ingresos de la miner√≠a se van reduciendo a la mitad cada cierto tiempo, con lo que el negocio de la miner√≠a no va a tener el auge que tiene hoy en el futuro. A largo plazo la miner√≠a llegar√° a cubrir los costos de operaci√≥n y no mucho m√°s que eso probablemente.
En otras palabras si Paraguay se pierde de los ingresos.que puede generar la actividad hoy en dia, esto no se recupera en el futuro.
Quiz√°s haya otros avances con otras monedas similares en el futuro pero no es algo seguro.",POSITIVO
80,"Criptomonedas; que opinan del proyecto de ley; a favor, en contra, sugerencias?","El Bitcoin como medio de pago no tiene mucho que ver con esta ley, el proyecto principalmente est√° orientado a la miner√≠a y hecha a medida de los requerimientos de algunos grupos empresariales en particular (los de siempre, Zucolillo, Friedmann, etc.), no todos los mineros est√°n de acuerdo con el proyecto.

Estoy de acuerdo en que la ANDE tiene que proponer algo m√°s consistente, lastimosamente los contratos ya est√°n hechos y son totalmente superficiales y por 10 a√±os, seguro vendr√°n otros contratos en el futuro. Por lo menos el precio del MWH me parece bien, sin embargo en la regi√≥n hay pa√≠ses que pueden competir, por ejemplo BitFarms en Argentina paga aproximadamente 20% menos que estos contratos nuevos de la ANDE. Principalmente no estoy de acuerdo en que solo esa venta de MWH podamos sacarle a estas industrias, sobretodo considerando las necesidades que tendr√° el sistema el√©ctrico en el futuro.

Sobre el margen yo no me preocupar√≠a mucho, el costo promedio de minar un Bitcoin viene rondando los 6000 a 9000 d√≥lares en los √∫ltimos a√±os, incluso con los precios actuales sigue siendo un negocio extremadamente bueno.

Creo que opino con fundamento, conozco las crypto desde hace much√≠simo y hasta llegu√© a programar smart contracts. De todas formas lo que m√°s observo en la industria es humo.",NEGATIVO
81,"Criptomonedas; que opinan del proyecto de ley; a favor, en contra, sugerencias?","Las criptomonedas no son iguales a ninguna otra cosa.
Podes hacer las analog√≠as que quieras pero nunca son precisas.
En algunos pa√≠ses se considera m√°s como un comodity, en otros como una moneda.
As√≠ que antes que nada hay que decidir c√≥mo conceptuarlo para que la gente entienda. Porque entender la tecnolog√≠a ya veo que no lo van a hacer.
En cuanto a la mineria, para mi lo mejor es definir una tarifa de energ√≠a que genere ganancias a la ANDE y dejar que hagan lo que quieran con eso.
Pero algunos quieren cobrarle impuesto como si fuese una producci√≥n industrial, cosa que no tiene sentido porque para empezar es muy dif√≠cil auditar una instalaci√≥n.

El hecho es que si Paraguay por ignorancia o desidia decide poner trabas al negocio por encima de lo que es el costo de la energ√≠a, la inversi√≥n se va a otro pa√≠s. Y el costo de ir a otro pa√≠s es casi nulo. El √∫nico que pierde es el Paraguay. No hay que olvidar que el negocio de miner√≠a es decreciente, esto es cada x tiempo los ingresos bajan a la mitad, o sea que si te demoras en permitir, estas perdiendo plata. Lo que no ganes hoy no se recupera ma√±ana.

Hay otro aspecto que es el cambio de cryptomonedas por monedas fiat (guaranies, dolares, etc). Eso si es parecido a una casa de cambio en el sentido que cobra comisi√≥n por el volumen negociado. Ah√≠ si podes tasar el negocio por el volumen negociado y es m√°s f√°cil de auditar. En este aspecto la analog√≠a de la casa de cambios es m√°s precisa, para el caso de la miner√≠a no.
Por este lado se podr√≠a usar nomas la regulaci√≥n e impuestos definidos para las casa de cambios para hacerlo m√°s simple.

Para el caso de la miner√≠a hay que controlar nomas que  la fuente de financiaci√≥n sea legal y con eso evitas el lavado.

Admito que no conozco el detalle de las leyes antilavado pero asumir que tenes que aplicar x leyes me parece inadecuado porque en general la mayor√≠a (todas?) de las regulaciones no contemplan las cryptomonedas. Ac√° hay que conceptuarlas primero y luego ver que leyes corresponden.",NEUTRAL
82,"Criptomonedas; que opinan del proyecto de ley; a favor, en contra, sugerencias?","Ah entiendo, pens√© que era algo diferente no entiendo bien el mundo crypto",NEUTRAL
83,"Criptomonedas; que opinan del proyecto de ley; a favor, en contra, sugerencias?","Minar criptomoneda es analogo a generar intereses, ya que en vez de cambiar tiempo por valor cambias potencia de calculo y energia por valor, y claro que es totalmente auditable y cae en generaci√≥n financiera. Y lo de espantar inversores es irrelevante, ya que vos mismo decis que no dejan nada en el pais, mejor cobrarles por la generacion de valor al cambio de la misma cripto.",POSITIVO
84,"Criptomonedas; que opinan del proyecto de ley; a favor, en contra, sugerencias?","Es otra analogia mas pero tampoco muy precisa.
Si fuesen como intereses no tendr√≠as riesgos de tener p√©rdidas como podes tener con las cryptomonedas si no cubre tus costos.

Por esto me parece que la contribuci√≥n principal debe ser en forma de costo de la energ√≠a que genere ganancias al pa√≠s.

El cambio por moneda fiat luego puede ser tasado como si fuese una casa de cambio. De hecho me parece que por este aspecto deber√≠an empezar las regulaciones que quieran hacer porque hay.mucha gente que a√∫n sin que exista miner√≠a en Paraguay (por no ser rentable.por ejemplo) quisieran negociar cryptomonedas ya que muchas veces es ah√≠ donde hay m√°s ganancias. Y es donde si existe el riesgo de lavado de dinero, financiaci√≥n de terrorismo o problemas similares.",NEGATIVO
85,mineria de criptomonedas,"La verdad no tengo mucho conocimiento sobre este tema de minar criptomonedas pero te puedo decir que la inversi√≥n es muy grande
Requer√≠s una pc con una tarjeta gr√°fica potente capaz de soportar fuertes usos de recursos como tambi√©n un procesador potente.

Aunque he visto en las redes sociales dispositivos super peque√±os capaces de minar, aunque no s√© si sean reales o siquiera rentables.

Yo no hago mucha miner√≠a de criptomonedas en s√≠, pero estos meses he estado usando un programa llamado ""Salad"" del cual ya min√© poco m√°s de 40$ pero este est√° m√°s enfocado para gastarlo en videojuegos o claves de estos, no para sacar dinero real en s√≠, a menos que uses Paypal, cosa que por desgracia aqu√≠ no funciona.

Ac√° en Paraguay no hay mucho desarrollo respecto a la miner√≠a de criptomonedas, pero seguro que es posible de una u otra forma, te aconsejo investigar m√°s sobre como minar una cripto en s√≠, como el famoso Bitcoin u otros",NEUTRAL
86,mineria de criptomonedas,"Hermano. Si est√°s consultando con ese nivel de ignorancia, tal vez no sea tu rubro. Con que pensas minar? Si es con tu pc, no vas a hacer ning√∫n peso. Tenes que comprar mineros (2-5 mil USD cada una, y vas a necesitar por lo menos 10 de esos), , necesit√°s ventilaci√≥n, un galp√≥n, transformador. T√©cnicos, por que los equipos necesitan mantenimiento, un sereno para cuidar tus equipos de noche. los equipos trabajan todo el d√≠a. Capaz necesites una habilitaci√≥n ambiental o municipal porque vas a joder a los vecinos con el ruido.",NEGATIVO
87,¬øComo invertir?-Criptomonedas/Trading,"si queres invertir con poco riesgo te conviene algun fondo de inversion(en cadiem podes invertir desde 300mil creo); para invertir en crypto tenes que sentarte a investigar, definir tu perfil de inversionista, y con suerte encontras alguno en especifico que vaya acorde a tu plan de inversion. no esta demas acotar que no tenes que invertir mas de lo que estes dispuesto a perder, ya sea crypto, acciones,etc.",NEUTRAL
88,¬øComo invertir?-Criptomonedas/Trading,Cripto en general es muy alto riesgo. No conzco commerce iq.,NEGATIVO
89,¬øHay manera de comprar comida con criptomonedas?,y en binance cambias tus usdt por guaranies o cualquier cripto xd,NEUTRAL
90,¬øHay manera de comprar comida con criptomonedas?,"mal ah√≠, yo investigu√© un poco y encontr√© un local en CDE y otro en asunci√≥n pero de sushi nada m√°s, es lamentable que en pleno 2022 apenas existan 3 o 4 locales que acepten pago a trav√©s de criptomoneda :/, mientras tanto en Argentina y M√©xico vi que hasta los supermercados ya pueden pagar con esta tecnolog√≠a",NEGATIVO
91,Ingresar dinero de venta de criptomonedas en la banca paraguaya,"Yo cambio a efectivo y despu√©s deposito. Mientras no sean montos exagerados no te van a preguntar nada.

Si te haces crypto millonario ah√≠ tendr√≠as un buen problema de c√≥mo blanquear la $. Una que he pensado es invertir comprando un departamento financiado y las cuotas las pagas en efectivo, habiendo cambiado primero las crypto por efectivo.",NEGATIVO
92,Ingresar dinero de venta de criptomonedas en la banca paraguaya,"No es que la ley permita, sino que no se contempla.
Por eso los bancos no permiten, y de hecho te pueden llegar a cancelar tu cuenta si saben que usas para cryptomonedas.",NEGATIVO
93,Cuando sos un rico pobre jaja hay que invertir en criptomonedas gente üò¨,Yo creo que todos tendr√≠amos que invertir unos 10 d√≥lares al mes en criptomonedas.,POSITIVO
94,Banco Central de Paraguay Se√±ala que las Criptomonedas No Tienen Regulaci√≥n en el Pa√≠s,"Seg√∫n le√≠ por ah√≠ est√°n por poner una granja de miner√≠a muy grande para aprovechar los bajos impuestos y el buen precio el√©ctrico y su gran capacidad de abastecimiento, y lo de que no tiene regulaci√≥n en el pa√≠s esta perfecto, ya que no creo que alguien quiera comprarle algo al estado, las Criptomonedas se usan entre particulares (privados)",NEUTRAL
95,Bancos de Paraguay cerrar√°n cuentas a un exchange de criptomonedas local,"No es que temen a las normas sino a las criptomonedas en s√≠, una cosa en la que las cripto se especializan y los bancos no es en que estas son una revoluci√≥n en las transacciones, no como los banqueros que necesitan del Estado para mantener el control sobre nuestras transacciones.",NEGATIVO
96,Bancos de Paraguay cerrar√°n cuentas a un exchange de criptomonedas local,Jajaja. Al final las criptos no eran para independencia econ√≥mica y dejar de depender del sistema financiero? Una nube de contradicciones. El chiste se cuenta solo.,NEGATIVO
97,2025 en 10 a√±os ahorros en Bancos o Ahorros en Bitcoin.?,"Bitcoin. Es que la trayectoria especulativa ya es imparable, ac√° el precio ya esta fijado por los grandes inversores institucionales.

Bitcoin puede rivalizar al ORO en tama√±o de mercado, es ya el 7¬∞ en el mundo con (en ingles 1.9T vs 19.4T del ORO)

SPY o QQQ tambi√©n.

SPY es el n√∫mero 20 en el mundo de acuerdo al tama√±o de mercado.

",NEUTRAL
98,2025 en 10 a√±os ahorros en Bancos o Ahorros en Bitcoin.?,Tambi√©n podes holdear usdt o uscd si queres menos volatilidad a√∫n as√≠ va a ser mejor que tener tus ahorros en guaran√≠es que cada vez se imprimen m√°s y m√°s a diferencia del bitcoin que es una moneda deflacionaria.,POSITIVO
99,2025 en 10 a√±os ahorros en Bancos o Ahorros en Bitcoin.?,"Lo mejor es diversificar, podes ahorrar un poco en btc, otro en un fondo mutuo, despu√©s podes intentar ahorrar y comprar CDAs y as√≠, siempre tener que tener en cuenta que no existe inversi√≥n segura entonces es mejor perder una parte que perder todo",NEUTRAL
100,2025 en 10 a√±os ahorros en Bancos o Ahorros en Bitcoin.?,"Bitcoin, oro y silver  en ese orden",NEUTRAL
101,2025 en 10 a√±os ahorros en Bancos o Ahorros en Bitcoin.?,"Lo dijo warren buffet: ""Ni si me ofrecieran todas las criptos del mundo por 5 usd las compraria""",NEGATIVO
102,2025 en 10 a√±os ahorros en Bancos o Ahorros en Bitcoin.?,"Si lo que te interesa es una opini√≥n contraria ah√≠ te va:

El precio de Bitcoin y los que predican la posibilidad de crecimiento act√∫an literalmente como un ponzi. Su inversi√≥n literalmente depende de que otro desgraciado la tenga peor al comprar lo mismo por m√°s caro.

La raz√≥n original de su creaci√≥n fue ser moneda de intercambio no un medio de resguardar assets, en un mundo tan acelerado est√°s constantemente a un cambio de perspectiva de que se jodan todos.
M√°s a√∫n con la insistencias de los que ya est√°n en el medio buscando capitalizar su inversi√≥n al apoyar ideas est√∫pidas como ""reservas de Bitcoin"" para paises.


Eso es toda la opini√≥n contraria ü§™ vo hace lo que se te cante",NEGATIVO
103,2025 en 10 a√±os ahorros en Bancos o Ahorros en Bitcoin.?,De verdad recomendas bitcoin en vez de meterlo a un banco? Si bien a largo plazo puede ser mucho mejor pero tambi√©n est√° el riesgo de que en 10 a√±os valga menos que hoy en d√≠a no?,NEGATIVO
104,2025 en 10 a√±os ahorros en Bancos o Ahorros en Bitcoin.?,"Todo tiene su contrapartida, tiene m√°s riesgo pero tiene m√°s ganancia. Dudo que el precio de Bitcoin va a ser el mismo o menor en 10 a√±os.

Hace 10 a√±os el precio del bitcoin estaba en menos de 1 mil USD o sea un retorno de 100 veces, en 10 a√±os.

No creo que en en 10 a√±os el retorno sea 100 veces, pero m√∫ltiples es posible.",NEUTRAL
105,Map of Global Bitcoin (BTC) Mining Hashrate: A Visual Breakdown of Computing Power Worldwide,"Si no tuviesemos a los indigenas que tenemos de politicos imaginense, se podian haber puesto granjas de bitcoin del estado (seguro las iban a saquear) solo con el 2% del marketcap, tendriamos reservas de [38.000.000.000]( de dolares en bitcoin, casi lo que produce el pais en un solo a√±o.",NEGATIVO
106,Bitcoin,P2P en efectivo o por transferencia,NEUTRAL
107,Bitcoin,"P2P en efecto, conozco un grupo de WhatsApp de bitcoiners, puedo intentar ponerte en el grupo P2P.",NEUTRAL
108,bitcoin,"F√≠jate en otros stocks antes de meterte a bitcoin... de repente si no tenes mucha inversi√≥n no es factible meterte en criptomonedas, ya sea inversi√≥n a largo plazo o day trading, para day trading tengo un socio que hace buena plata con aceite y oro...",NEGATIVO
109,bitcoin,Lo primero ser√≠a saber para que? Para que quer√©s saber sobre Bitcoin? Para recibir pago? O para diversificar tu capital? C√≥mo medio de inversi√≥n? O para tradear activamente?,NEUTRAL
110,bitcoin,"Como puedo comprar bitcoin de manera totalmente an√≥nima, y efectivizar a futuro??",NEUTRAL
111,bitcoin,"No hay demasiada magia en ese sentido, lo primero que deber√≠as de hacer es familiarizarte con Binance.
Create una cuenta. No recuerdo si para verificar tu cuenta por primera vez si o si ten√©s que ingresar los datos de tu tarjeta. O solamente tus documentos (CI/Licencia de conducir).

Ah√≠, ten√©s que ver c√≥mo vas a retirar tu BTC, si por la funci√≥n P2P que Binance te ofrece, o si alg√∫n servicio como el que ofrece BitBase ac√° en Paraguay.

Si vas a usar la funci√≥n P2P de Binance, ten√©s que ingresar los datos de tu cuenta Bancaria para poder recibir.

Al comienzo te va a parecer un kilombo, por qu√© Binance ofrece un abanico de opciones muy grande. Y medio te vas a perder tanto en su web como en su app.

Pero con el tiempo te vas a familiarizar y te va a parecer f√°cil de entender.",NEUTRAL
112,"Paraguay proh√≠be cripto. Debo vender mi Bitcoin antes de la nuevo ley o que? No quiero estar criminal. No soy minador, solo tengo un poco Bitcoin como inversion.","Me parece que est√°s mezclado las cosas, pod√©s tener Bitcoin o ETH en una ledger y es totalmente an√≥nimo, Ledger o cualquier cold wallet no sabe nada de vos. Si los ten√©s en un exchange como Binance o Coinbase ya se complica porque ellos saben tu identidad y pueden informar al fisco lo que ten√©s en tu cuenta... 
Es un proyecto de ley as√≠ que no me apurar√≠a... En china hay much√≠sima gente con Cripto a pesar de estar vetadas y no pasa nada 
BTC se creo para esto justamente, porque el gobierno cree que puede decirte en qu√© invertir o que comprar, despu√©s deval√∫an la moneda o te hacen un corralito y se quedan con tu dinero.",NEUTRAL
122,"Paraguay proh√≠be cripto. Debo vender mi Bitcoin antes de la nuevo ley o que? No quiero estar criminal. No soy minador, solo tengo un poco Bitcoin como inversion.","Los vendes en el p2p... Pero BTC no est√° hecho para eso, hay otras para eso, BTC por las tarifas de red y lo que demora una transferencia es para refugio de valor",NEUTRAL
125,Bitcoin comprar?,"Eso es porque puedes comprar como el ""0,00001"" de un Bitcoin, como es moneda digital se puede dividir en fragmentos as√≠

Es tipo inversi√≥n, que vos esperas que a los a√±os valga m√°s tu dinero al venderlo de vuelta",NEUTRAL
126,Que opinan del Bitcoin en Paraguay,"Muy extensa la pregunta. El Bitcoin se est√° distanciando del objetivo para el cu√°l fue creado por Satoshi ""Medio de pago per to per sin intermediaci√≥n de terceros"" A√∫n no est√° regulado por nuestra ley",NEGATIVO
127,Que opinan del Bitcoin en Paraguay,"As√≠ como te dicen m√°s arriba casi no se usa como dinero, se usa m√°s como reserva de valor, c√≥mo una barra de oro.

Llegu√© a ver qu√© ofrec√≠an cambios de terrenos ac√° por btc, y autom√≥viles de alta gama, tambien hay muchos que intercambian por p2p en binance",NEUTRAL
128,Que opinan del Bitcoin en Paraguay,"Te aconsejo revises tus conocimientos. con la soluci√≥n de segunda capa segwit los micropagos con bitcoin han experimentado un auge ya que los convierte en casi instant√°neos y econ√≥micos, un ejemplo de esto es El Salvador donde Bitcoin es moneda de curso legal, tambi√©n Rep√∫blica Centroafricana lo declaro hace menos de un a√±o moneda de curso legal.

Pero hay otras cripto tambi√©n muy r√°pidas y econ√≥micas de transaccionar, Litecoin es mi preferida.

[",POSITIVO
129,Es legal minar bitcoin en Paraguay?,"Hay explotaciones mineras grandes y peque√±as, y la miner√≠a es legal. Aun as√≠, no recomendar√≠a hacerlo si no se vive aqu√≠ y no se tiene ni idea de las especialidades de Paraguay.",NEGATIVO
130,Es legal minar bitcoin en Paraguay?,"Ya no es rentable minar bitcoin, no tires tu plata porfa",NEGATIVO
131,Es legal minar bitcoin en Paraguay?,Demasiado caro y posiblemente te mueras para cuando consigas tu primer bitcoin,NEGATIVO
132,Bitcoin en Parawhy,"Jajajaja el desahogo al final. A mi me lleg√≥ a pasar que no registre el nombre de mi cuenta EXACTAMENTE igual que en mi tarjeta y tuve que crear otra cuenta desde 0 donde si este correcto, en concreto, inclu√≠ mis 2 nombres y apellidos al registrarme, siendo que en la tarjeta solo figuraba el primero de cada. No existe manera de modificar sencilla(que yo sepa).

Up a lo del p2p, funciona pureti.",NEUTRAL
133,Bitcoin en Parawhy,"Compra en el p2p‚Ä¶ comerciante verificado y f√≠jate que tenga m√°s de 95% de transacciones completadas . No vas a tener problemas, te va a salir una cuenta bancaria y haces la transferencia. Despu√©s de eso los USDT o BTC pasan a tu cuenta. Binance congela los fondos del vendedor hasta que terminen la operaci√≥n.
No pruebes con tarjetas porque te van a congelar la tarjeta‚Ä¶ ya me paso una vez con itau",NEUTRAL
134,Bitcoin en Parawhy,En p2p amigo ten√©s que comprar üëç,POSITIVO
135,Bitcoin en Parawhy,"Usa P2P, las comisiones comprando con tarjeta son un desangre",NEUTRAL
136,Bitcoin en Parawhy,"Buenas, yo estoy pensando ahorrar con Bitcoin, ya me cree la cuenta binance, ahora, necesito asesor√≠a para poder empezar a comprar Bitcoins.",NEUTRAL
137,Como comprar Bitcoin en Paraguay?,"Desde un exchange como binance, existen varios pero este es el mas conocido para empezar, cuando te registres debidamente ya vas a poder comprar o vender, existe el metodo con tarjeta de credito o p2p.

Tambi√©n podes intercambiar con la comunidad por ejemplo hay varios que se dedican a la compra y venta en PY y con transferencia bancaria le envias el monto que queres comprar y ellos te transfieren a tu wallet de Binance.

Normalmente se compran las monedas estables que son USDT, USDC, etc. que son monedas basadas a la cotizacion del dolar y con ellas podes ir comprando Bitcoin, Etherium y las miles que existen.",NEUTRAL
138,cu√°ndo pio se va ser oficial el bitcoin?,"No podemos nio ni retirar dinero de PayPal, el bitcoin ni cagando va a ser oficial",NEGATIVO
139,cu√°ndo pio se va ser oficial el bitcoin?,"No entiendo nada sobre bitcoins, pero si paypal no tenemos aun... La veo negra la verdad",NEGATIVO
140,cu√°ndo pio se va ser oficial el bitcoin?,Crypto moneda es una forma de evitar la necesidad de paypal.,NEUTRAL
141,cu√°ndo pio se va ser oficial el bitcoin?,"Ahora mismo hay Visa y Mastercard tarjetas prepagas que se puede pagar con crypto.

 Nose de que hablas de tiendas por las nubes",NEUTRAL
142,Que opciones pio hay para Bitcoin en Asunci√≥n,"Buenas, el contacto de Telegram de vendedores/compradores en Paraguay, no solo se limitan a Asunci√≥n.

&#x200B;

Compradores/vendedores locales

* [t.me/luisgauto6](
* [t.me/ivandef]( (Cripto Cambios PY)
* [t.me/alforro]( (Satochipa)
* [t.me/mr\_bgg](

Exchanges locales

* [cripex.com.py](
* [bitcoin.com.py](
* [bitex.la](

Con bitex, ahora para comprar/vender te piden un minimo de USD 500 y medio te jode eso. La ventaja de usar Cripex es que te dan factura. Si no queres (ticket nom√°s) entonces, ventajas no hay.

Despu√©s tenes los P2P

* LocalBitcoins (eleg√≠ el que te guste y ya)
* HodlHodl (idem)
* Binance P2P (idem y agrego que tenes que registrarte en la plataforma para poder usar su servicio P2P

Los compradores/vendedores mencionados anteriormente son todos personas que hace tiempo est√°n trabajando con criptomonedas, recomiendo el trabajo de todos los mencionados. Quiz√°s haya m√°s pero no los conozco y no puedo referenciar algo que no conozco.

Si necesitan ayuda, hay un grupo de Facebook de [Bitcoin Paraguay]( y tambi√©n una comunidad en Telegram de criptomonedas en Paraguay llamada [HashPy]( est√°n cordialmente invitados. Combatimos el spam, referral y esas macanadas.",NEUTRAL
143,Que opciones pio hay para Bitcoin en Asunci√≥n,Para comprar bitcoin? O a qu√© te refer√≠s? Yo uso binance,NEUTRAL
144,Que opciones pio hay para Bitcoin en Asunci√≥n,"Ni en pedo uses cripex, es una mierda, ni te responden los correos, una mierda son, en los grupos de facebook de bitcoin hay varios que venden y compran",NEGATIVO
145,Usdt / btc,entra a la parte de P2P de binance y ahi vas a encontrar,NEUTRAL
146,¬øC√≥mo retirar BTC de miner√≠a de manera legal?,"Para hacerlo legal tendrias que facturar por servicios provistos en el exterior (IVA Excento), si le vas con eso de cryptos a los bancos te van a bloquear la cuenta.",NEGATIVO
147,¬øC√≥mo retirar BTC de miner√≠a de manera legal?,"Tambien podes efectivizar desde x4t, es una empresa de crypto que tiene su oficina cerca del shopping del sol",NEUTRAL
148,C√≥mo comprar BTC en persona en Ciudad del Este ?,Podes buscar en  gente que ofrezca cambio en persona.,NEUTRAL
149,BTC sugerencias,"Te van a borrar el post.

No se por que eliminan en este sub todos los post que tengan que ver con bitcoin.",NEGATIVO
150,BTC sugerencias,"Hay cambistas locales, podes ver en localbitcoin o en el grupo de telegram hashpy t.me/hashpy",NEUTRAL
151,Crypto estafa en facebook?,"Obvio, es un...cryptobro ¬Ø\_(„ÉÑ)_/¬Ø *ba dum tss*",NEGATIVO
152,Crypto,"Mi recomendaci√≥n. No pagues ning√∫n curso. Busca en YouTube. Alex Ruiz es muy bueno. Hay mont√≥n de contenido. Y lo segundo, no metas plata que no est√©s dispuesto a perder, que vas a necesitar r√°pido y mucho menos prestar para invertir en cripto. Tiene que ser dinero que no vas a necesitar en meses o a√±os o de alg√∫n extra.",NEGATIVO
153,Crypto,"La verdad no hay cursos sobre eso, podes entrar con Binance, IQ Option o los de mas Apps que estan en esa bolsa.
Probar el modo practica en el mercado en vivo y as√≠.
O podes comprar criptos en USDT.",NEUTRAL
154,Crypto,"Yo m√°s bien quiero aprender a usar las criptos, pasar, recibir y esas cosas b√°sicas. La verdad que practicando ya le voy a pillar pero como es un tema que desconozco tengo un poco de miedo tambi√©n, ya que conozco casos de amigos que llegaron a perder dinero por errores que cometieron",NEGATIVO
155,Crypto,"Claro ah√≠ conseguis r√°pido plata pero el riesgo es inmenso, ya que incluso pueden hackearte la cuenta.
Es muy complicado meterte en eso, si tenes plata y queres andar en eso hay una Empresa que esta contratando gente, mas o menos se dedican a la venta de Criptomonedas.
Si queres mas informaci√≥n escribime al privado.",NEGATIVO
156,Como trabajar remotamente en Paraguay? (Sin cosas que tenga que ver con crypto trading),"Mira amigo mi consejo sincero c√≥mo alguien que ya tuvo 3 trabajos remotos es 


1-Armate un buen Cv depende de tu especialidad es mas f√°cil si est√°s en un √°mbito que es f√°cil conseguir trabajo remoto (Programaci√≥n por  ejemplo) y si no sabes a√∫n aprende ingl√©s por qu√© ah√≠ el mercado se abre enormemente si solo sabes espa√±ol est√°s tremendamente limitando 


2- tira cv a todas las empresas que puedas y investiga ofertas de trabajo remoto algunas est√°n muy escondidas y no aparecen en los primeros resultados de b√∫squeda 



3- Prep√°rate para que te rechazan muchas veces por qu√© ahora no est√°s compitiendo contra personas de tu pa√≠s est√°s compitiendo contra todo el mundo 

Podes ser freelancer tambi√©n y trabajar remotamente en p√°ginas c√≥mo fiver o similares  vendiendo alg√∫n servicio o algo que sepas hacer bien  

Lastimosamente no todos los trabajos vas a tener salidas de trabajo remoto no especificaste cu√°l es tu profesi√≥n as√≠ que no te podr√≠a aconsejar bien 

Y aunque dijiste que no queres nada de crypto al menos en Paraguay es una buena forma de recibir  el dinero y que te paguen ya que empresas extranjeras no van a querer hacerte una transferencia directa por los enormes costos",NEUTRAL
157,Como trabajar remotamente en Paraguay? (Sin cosas que tenga que ver con crypto trading),"Las cryptos su funci√≥n no solo es para invertir y ganar dinero tambi√©n sirve para que te paguen tu salario en caso de que trabajes para una empresa extranjera ellos te pagan por usdt,btc,etc,sol etc¬† Y efectivizas con un campista digital o una tienda f√≠sica como bitbase¬†
√Ånimo el mundo crypto es hermoso no todo es estafa",POSITIVO
158,Ayuda con Asics de mineria crypto,"Enfriamiento por inmersi√≥n 

",NEUTRAL
159,Paraguay Considers Crypto Mining Ban,Que consecuencias economicas trae el eliminar el crypto de py? solo afecta a los estafadores.,NEUTRAL
160,Paraguay Considers Crypto Mining Ban,"Principalmente consecuencias economicas para la ANDE, ellos tienen contratos firmados por 670MW seg√∫n sus propias declaraciones, casi equivalente a una turbina de itaipu, esos son clientes que pagan sus facturas(mas caras que clientes comunes).

Tambi√©n pierde la aduana, por todos los impuestos recaudados en la importaci√≥n de las m√°quinas, que no es nada despreciable.

Uno de los motivos que argumentan para suspender es por las p√©rdidas que genera la miner√≠a ilegal, pero justamente los que trabajan ilegal desde un principio obviamente no van a dejar de hacerlo por una ley que les proh√≠ba. Es m√°s, es t√©cnicamente imposible que la ANDE no detecte estas instalaciones ilegales, si o s√≠ son c√≥mplices.

Por otro lado est√° la perdida de credibilidad de la imagen pa√≠s, se trae empresas extranjeras a instalarse, se firma contratos a 10 a√±os y despu√©s a los 2 a√±os se proh√≠be que operen... eso no es nada bueno para la imagen del pais.

Sinceramente a mi no me convence que tiremos nuestro excedente de energia en eso, hubieran suspendido desde un principio en todo caso, pero dejar que hagan todas las inversiones y al poco tiempo sacar una prohibici√≥n no me parece correcto, como todo en este pa√≠s totalmente atravesado.",NEGATIVO
161,Paraguay Considers Crypto Mining Ban,"Nada realmente, unos crypto bros van a estar molestos",NEGATIVO
162,Paraguay Considers Crypto Mining Ban,"Lo de la distribuci√≥n es cierto, pero tiene f√°cil remedio. El dinero se cambia por bienes y servicios, y perfectamente se le puede pedir a los operadores de minas legales que contribuyan plata para una subestaci√≥n, mantener los transformadores, etc.

Pero el tema del mal control para m√≠ que es p√©simo a prop√≥sito, para cobrar coima. Las minas de bitcoin no son lo qu ese dice sutiles. No es como una persona pobre colgando un cable para su casita, que a lo mejor su consumo se mimetiza entre todo el consumo leg√≠timo del barrio. Una mina de bitcoin deber√≠a brillar como mil soles en los sistemas de control de la ANDE.

Los funcionarios de la ANDE no pueden cobrar coima con las operaciones de miner√≠a legales, las que se registran y firman contratos formales y pagan precio justo. Pero s√≠ cobran coima con todas las minas ilegales que se cuelgan nom√°s de cualquier poste.

Por supuesto antes que mejorar el control ellos prefieren hacer que sean todos ilegales para poder cobrar m√°s coima.",NEGATIVO
163,Paraguay Considers Crypto Mining Ban,"Lo que Paraguay siempre promueve es sus reservas de energ√≠a limpia para atraer inversionistas.

Lo que Paraguay quiere es que inversionistas vengas a INDUSTRIAlizar el pa√≠s.   Ej f√°bricas 
Que GENEREN m√°s trabajo a gente y dar esa energ√≠a a precios m√°s bajos si montas una f√°brica.

Una granja de cripto consume mucha m√°s energ√≠a que una granja de alimentos. Hasta igual o m√°s que una f√°brica.

Una granja de cripto no crea mucho trabajo como una f√°brica. Tampoco genera productos o alimentos. 

Entre tener una granja de cripto y una f√°brica, se prefiere una f√°brica. 

El estado podr√≠a cobrar m√°s impuestos a la granja de cripto, pero solo el estado y minero se enriquecen.   No crear√° riqueza a los ciudadanos.

‚Äî‚Äî‚Äî‚Äî‚Äî‚Äî-
De igual manera, tampoco vienen compa√±√≠as a industrializar el pa√≠s.",NEGATIVO
164,Paraguay Considers Crypto Mining Ban,"Bueno, pero al pedo est√°s comparando la granja de criptos con la f√°brica de aluminio, siendo que la f√°brica de aluminio NO EXISTE. Una f√°brica que no existe no le beneficia a nadie, ni siquiera a los due√±os que no existen.

Si tu opci√≥n es entre que otra persona se enriquezca, o que nadie se enriquezca, es demasiado mezquino insistir con que si VOS no te enriquec√©s, entonces NADIE se tiene que enriquecer.

Iba a ser diferente si las granjas de cripto te *quitaban* algo para enriquecerse ellos. Pero solo las granjas ilegales hacen eso. Las legales pagan por la electricidad y la infraestructura que usan.",NEGATIVO
165,Convertir crypto en Paraguay por tarjeta.,"Yo tambi√©n estoy buscando algo igual. Me hice una cuenta - pero con documento brasilero CPF - en [Bitfy.app]( en Brasil funciona con las M√°quinas Cielo  (el Infonet brasilero) para pagos con QR, y la experiencia es bien sencilla: te transfer√≠s cripto a tu billetera de la App y ya pod√©s usar. Ser√≠a bueno que exista algo similar tambi√©n aqu√≠ en Paraguay.",NEUTRAL
166,Convertir crypto en Paraguay por tarjeta.,"Demasiado caro es el servicio, la cotizaci√≥n que te hacen de tus criptos tiene amplio margen por ser vol√°til (osea que te van a pagar -5% m√≠nimo para m√≠ que pagan menos incluso, f√≠jate la cotizaci√≥n de Paypal de bitcoin vs su precio en binance) y te van a cambiar a d√≥lares que despu√©s se van a cambiar a guaran√≠es (con el cambio del banco que te va a enchufar su comision)

Lo que te conviene es abrirte una cuenta bancaria (por ejemplo eko) y vender por p2p a precio de mercado o menor si buscas liquidez.",NEGATIVO
167,Convertir crypto en Paraguay por tarjeta.,Belo y Lemon hacen conversiones internas de crypto a fiat?. Dukascopy tengo cuenta pero quer√≠a saber si existe otro servicio que haga conversiones internas. Env√≠as crypto a tu cuenta y podes convertir en d√≥lares o pagar directo con el y convierte on the fly como se dice. Por ejemplo como con la tarjeta de Binance (que no hay para ac√°).,NEUTRAL
168,Convertir crypto en Paraguay por tarjeta.,"Si pero al momento de pagar ac√° si o si se involucra por la red infonet, y lo del precio de las cripto tampoco te salvas, si o si la instituci√≥n que de el servicio de la tarjeta  en d√≥lares tiene que asegurar su margen de ganancia alto por la volatilidad",NEGATIVO
169,Crypto Summit del sur! No se pierdan por CDE,"cuidado, la unica estructura que si es funcional y no es una estafa ponzi es la bitcoin y no los demas, pueden tener buenos proyectos con sus moneda virtual, pero eso no cambia lo que es una simple especulacion, pues no tiene la estructura logartimica desectralizada que las bitcoin que no son manejadas por nadie en particular , pero las bitcoin hoy en dia aun no pueden ser utilizadas como una moneda estable, pero servira como una salidad solida contra el control del estado de tu libertad que lo quieren hacer con la CBDC , por ende investiguen y no confien en ninguna de las monedas virtuales",NEGATIVO
170,"Crypto en Paraguay, ¬øya est√°n bien utilizados?","Casi nadie acepta crypto (negocios)

Pero si hay una comunidad en constante crecimiento y cambistas vas a encontrar si o si, ya sea en binance o p2p",NEUTRAL
171,"Crypto en Paraguay, ¬øya est√°n bien utilizados?","S√≥lo es cuesti√≥n de tiempo. En Brasil, puedes pagar tus impuestos en BTC en el distrito de R√≠o. Creo que BTC y Algorand se convertir√°n pronto en monedas oficiales all√≠ tambi√©n, de forma similar a El Salvador.

Creo que esta evoluci√≥n tambi√©n se observar√° en Paraguay con un ligero retraso.",POSITIVO
172,"Crypto en Paraguay, ¬øya est√°n bien utilizados?","No te recomiendo nada de cripto por ac√°, millones de obst√°culos solamente para ver tu dinero en fisico",NEGATIVO
173,Crypto a Fiat en PY,p2p.binance.com,NEUTRAL
174,Crypto a Fiat en PY,"Antes que nada gracias por minar! C√≥mo te dijeron ac√° el p2p de Binance te permite vender a otras personas con los m√©todos de pagos que vos elijas. Por ejemplo transferencia bancaria y luego liberas las monedas. Por otro lado el grupo de Telegram te ayuda a conocer a personas que son de confianza para vender directo. Por otro lado podes usar CEX para enviar tu dinero a tus tarjetas de cr√©dito que no sean prepaga y de preferencia que sean VISA. En el twitter de binance_py ver√°s adem√°s los top 5 paraguayos de confianza que m√°s compran/venden monedas en el pa√≠s, y por √∫ltimo yo te puedo comprar al mes ese monto (80-100 usd).",POSITIVO
175,Wallet recomendada para tener crypto en PY,"En PY los exchanges no pueden tener cuenta en bancos. Tu √∫nica alternativa es P2P o manejarte en efectivo con los exchanges que hay en PY, Cripex es el m√°s popular ([cripex.com.py](

Te recomiendo estos dos grupos:

\- El grupo m√°s grande de crypto en PY: [

\- Grupo de finanzas: [

Cualquier consulta escrib√≠ al privado y te ayudo.",NEUTRAL
176,Wallet recomendada para tener crypto en PY,"Yo uso muchas, uso trust, muun para btc, metamask para defi, es todo depende el uso, en metamask podes tenes TUSD sin problema",POSITIVO
177,"PayPal, crypto u otros","Pod√©s crearte una cuenta de Paypal Uruguay o Chile, y as√≠ efectivizar, a trav√©s de una tarjeta prepaga como la de Vision Banco.  
En este canal se explica un poco al respecto: [  
Tambi√©n tienen un grupo de Whatsapp en el que te pueden ayudar.  
Creo que es la mejor manera ahora mismo para poder retirar fondos de Paypal.  
De igual forma, las cryptos son una buena inversi√≥n. üëÄ",POSITIVO
183,"Trabajo para una grande empresa de miner√≠a de criptomonedas en Paraguay, hagan sus preguntas.","Contactos, estamos en Paraguay al fin y al cabo, en la mayor√≠a de los casos, las empresas o mineradores con gran cantidad de recursos no confiar√≠an sus mineradoras a cualquier persona, tambi√©n depende de d√≥nde vives, en ciertos puntos del pa√≠s la miner√≠a es mas abundante que en otros lugares, tambi√©n hay pocas mineradoras que quedan al aire libre, lo que dificulta a√∫n m√°s buscar trabajo en este rubro üòÖ",NEGATIVO
184,"Trabajo para una grande empresa de miner√≠a de criptomonedas en Paraguay, hagan sus preguntas.","En este momento, no considero que la miner√≠a sea rentable, desde el merge the ETH, nosotros los mineros nos fuimos a cualquier moneda que sea minable, pero de momento ninguna se compara a la ganancia de ETH, pero para no dejarte sin una respuesta: muchas jaja",NEUTRAL
187,Ley de Miner√≠a en Py,"La ""mineria"" de cripto...",NEUTRAL
188,Ley de Miner√≠a en Py,los cryptos son m√°s algo de colecci√≥n que una divisa,NEGATIVO
189,Ley de Miner√≠a en Py,"perdonen mi ignorancia, pero porque se dice minar?",NEUTRAL
190,Ley de Miner√≠a en Py,"Dudo que se vuelva una moneda de curso legal en el pa√≠s. El BCP esta totalmente en contra de eso ya que perder√≠an el control de la pol√≠tica monetaria del pa√≠s (mantener a raya la inflaci√≥n y influir sobre el Tipo de cambio).

Hasta ahora el √∫nico pa√≠s que acepto las criptomonedas (y solo el Bitcoin) como medio de pago fue El Salvador, pero su situaci√≥n es muy diferente a la nuestra. Son una econom√≠a dolarizada (moneda de curso legal es el dolar americano) osea que de por si ya no ten√≠an control sobre la pol√≠tica monetaria de su pa√≠s. permitieron el Bitcoin en un af√°n de atraer dolares a su econom√≠a.",NEGATIVO
191,Ley de Miner√≠a en Py,"la manada de cryptobros degenerando la web3.0

Ahora que el etherum se va pa su siguiente versi√≥n, a ver por cual crypto optan los ""mineros""",NEGATIVO
192,Miner√≠a de criptos en Paraguay,"Much√≠sima gente mina criptos ac√°, lastimosamente porque es muy f√°cil robar energ√≠a de la ANDE üáµüáæ hasta los asics m√°s viejos son rentables si tenes electricidad gratis",NEGATIVO
193,Miner√≠a de criptos en Paraguay,"Conozco Hashpy en tg, que se centra en todo un poco. El grupo en facebook no sabr√≠as el nombre y si se centra en miner√≠a?",NEUTRAL
198,"Comerciantes que hacen p2p cuidado, hay muchas cuentas vendidas que tienes personas de Asia , que est√°n haciendo estafa","Pero al comprar/vender en P2P las monedas se congelan hasta que el pago FIAT haya sido verificado en banco, luego de eso reci√©n se realiza el env√≠o de las coins.

C√≥mo funciona la estafa?",NEUTRAL
199,"Comerciantes que hacen p2p cuidado, hay muchas cuentas vendidas que tienes personas de Asia , que est√°n haciendo estafa","Estafas en Crypto?
Quien hubiera imaginado...

Si usas Crypto que de por si nacio para estafar, por que llorar si te estafan?",NEGATIVO
200,"Comerciantes que hacen p2p cuidado, hay muchas cuentas vendidas que tienes personas de Asia , que est√°n haciendo estafa","Hay m√°s estafas en moneda FIAT que en crypto...

No podes decir eso realmente si sos de Paraguay, Argentina, Venezuela o cualquier pa√≠s tercermundista plagado de corrupci√≥n. No tenes acceso a los sistemas de transferencia de dinero m√°s utilizados, y a los que tenes acceso debes hacer malabares para utilizarlos o dejar que te roben con los fees. 
Crypto es una alternativa, una soluci√≥n.",POSITIVO
201,"Comerciantes que hacen p2p cuidado, hay muchas cuentas vendidas que tienes personas de Asia , que est√°n haciendo estafa",pero vos sabes que en todo el mundo se usa P2P para lavar plata?,NEGATIVO
202,"Comerciantes que hacen p2p cuidado, hay muchas cuentas vendidas que tienes personas de Asia , que est√°n haciendo estafa",">Hay m√°s estafas en moneda FIAT que en crypto...

Lo que hiciste se llama ""Falacia de Base"" (o algo asi)

Claramente hay mas estafas FIAT que crypto por que crypto no lo usa nadie.

Tu argumento debio ser: % De usuarios totales crypto y estafados Aqui vs % Usuarios FIAT y estafados aqui. Esa seria una comparacion Justa que muestre realmente la realidad y seria un argumento solido.

Pero que esperar de;...

> sos de Paraguay, Argentina, Venezuela o cualquier pa√≠s tercermundista",NEGATIVO
203,"Comerciantes que hacen p2p cuidado, hay muchas cuentas vendidas que tienes personas de Asia , que est√°n haciendo estafa","Excelent√≠simo usuario de rredit, disc√∫lpeme por no citar fuentes y argumentar como desea, es m√°s que evidente que el comentario que realiz√≥ ""Si usas Crypto que de por si nacio para estafar, por que llorar si te estafan?"" merec√≠a totalmente tiempo y esfuerzo.

En este preciso momento estoy redactando una tesis con la que pueda quedar conforme.

Sin nada m√°s que agregar.

Saludos cordiales.",NEUTRAL
204,"Comerciantes que hacen p2p cuidado, hay muchas cuentas vendidas que tienes personas de Asia , que est√°n haciendo estafa","Ahora si, dejando el sarcasmo de lado. ""Hay m√°s estafas en FIAT que en cripto"" es un parafraseo de la conclusi√≥n del Illicit Finance Risk Assessment of Decentralized Finance, publicado por el U.S. Department of the Treasury. Te dejo el enlace.


Dentro de la publicaci√≥n hay un informe de 42 p√°ginas.
Podes escribirles tambi√©n a ellos que su conclusi√≥n es una falacia.",NEUTRAL
205,Denunciado por hacer p2p en Binance,"Es conocido que los bancos de PY te cancelan la cuenta si tenes actividad con criptos. Al no estar permitido legalmente, los bancos no tienen porque aceptar si no demostras vos que viene de otro origen.

Si recib√≠s plata del extranjero tenes que facturar exento de IVA ya desde hace un par de a√±os creo. Cualquier contador te puede conentar.

Te puede salir bien pero en cualquier momento te pueden bloquear y tenes que demostrar el origen de los fondos.
Seguramente no eran montos grandes por eso no te bloquearon antes.",NEGATIVO
206,Denunciado por hacer p2p en Binance,"En setiembre del a√±o pasado, vend√≠ 620 USDT que traducidos al cambio de ese entonces eran 4.600.000 gs. Pasado unas horas, despu√©s de la transacci√≥n, se me bloquea la cuenta de EKO, voy al banco y all√≠ me ladran como si fuera que hackee el sistema de ellos y me hice un autoenv√≠o. Que ya fui denunciado y que ya est√° en fiscal√≠a eso. Lo raro es que fui a la fiscal√≠a para saber si es cierto, y me dijeron que no hab√≠a ni una denuncia. Cuesti√≥n que un abogado me dijo que tocar√° esperar que llegue la notificaci√≥n. Dicha notificaci√≥n lleg√≥ en un mes para la indagatoria. Resulta que la cuenta bancaria era de un abogado que cay√≥ en un phishing. En fiscal√≠a mencion√© que tengo todas las pruebas de la transacci√≥n, la conversaci√≥n, capturas de env√≠o y que nunca tuve problemas y que me dedico a eso. Tuve que contratar un abogado p√∫blico, y √©ste me dijo que dichas pruebas que tengo no serv√≠an de nada, porque el tema crypto al no estar legislado ni reglamentado en este bendito pa√≠s, lo ven como algo ""ilegal"" aunque no lo fuera. Entonces, tocar√≠a devolver los fondos para no llegar a juicio que de entrada me dijo que iba a perder. Acord√© hacerlo de forma mensual para no desprenderme de golpe de tanto dinero. (craso error) Hicimos el acuerdo, e intent√© pagar antes del tiempo estipulado (4 meses) resulta que no puedo ni renovar c√©dula, sacar pasaporte, ni salir del pa√≠s hasta que se cumpla un a√±o del acuerdo, que ser√° en marzo del pr√≥ximo a√±o.

As√≠ que, lo recomendable es que si tenes la posibilidad, paga nomas el monto recibido y ya. Nuestra justicia est√° p√©sima en cuanto a eso,",NEGATIVO
207,Denunciado por hacer p2p en Binance,"Con la informaci√≥n que mencionaste y los comentarios, te resumo el caso y tu problema.
Primero que nada tenemos a Juan Perez, v√≠ctima de pishing, estafa o lo que sea, a Juan, le sacaron su cuenta bancaria.
El estafador, que tiene conocimientos en estafas y lavado dinero, en posesi√≥n de la cuenta de Juan, sabe que muy dif√≠cilmente Binance revele su identidad, entonces, comprando cripto por p2p, su fraude se vuelve irrastreable.
Como lo realizo? Pues se cre√≥ una cuenta de binance, vio tu oferta o genero una que fue la que agarraste, y luego te pago con la cuenta bancaria usurpada. Para luego volver a vender sus cripto y recibir dinero limpio.

El que te denunci√≥ fue Juan Perez en conjunto con su banco que provey√≥ tus datos y el de los dem√°s que mencionas. Y realmente esta en todo su derecho ya que facilitaste el lavado de los activos que le sustrajeron.

En fin, comercio p2p de binance solo con cuentas verificadas y transacci√≥n con el mismo titular de la cuenta. Si no es el mismo no se libera los fondos, avisas a tu banco que recibiste una transacci√≥n que no reconoces y que estas a su disposici√≥n para subsanar cualquier inconveniente.",NEGATIVO
208,Denunciado por hacer p2p en Binance,"Soy abogado, e hice miles de transacciones en Binance. Tu caso en particular no es un tema general. As√≠ que lo m√°s probable es que te hayan querido estafar. Los bancos no se responsabilizan cuando es comercio de cripto. Por eso en el motivo de transacci√≥n debes poner ‚Äú compra de mercader√≠a ‚Äú.

Pero ser√≠a bueno que contrates un abogado que entienda del tema. Ya que esto puede agrandarse si la fiscalia decide investigar m√°s a fondo por creer que hay mucho dinero en juego.",NEGATIVO
209,Denunciado por hacer p2p en Binance,"Pueden ser 2 opciones:

1- Si el usuario de binance corresponde con la cuenta de banco que transferiste, entonces quiere hacer una estafa y podes tambien denunciarle por no reconocer el pago del servicio (tenes que ver con un abogado como poner esto porque no estas usando crypto para compras ni nada de eso es mas bien que usas la cripto como un objeto personal que vendes, asi que no deberia aplicar si esta regulado o no ya que especificas que es un objeto tuyo).

2- Si la cuenta de binance no coincidia con la cuenta bancaria entonces puede tratarse de que se consigui√≥ por medio de phishing y el titular hizo la denuncia ya que se le hackeo la cuenta, en este caso lo recomendable esbque devuelvas nomas el dinero para no entrar en pleito que vas a perder.

Yo hice mas de mil operaciones en Binance y nunca me ocurrio esto por suerte, pero siempre hay que tener en cuenta que NUNCA debes comerciar con cuentas de TERCEROS, binance te spamea con esta informaci√≥n de que puede ocurrir casos de estafa al comerciar con TERCEROS",NEGATIVO
210,Denunciado por hacer p2p en Binance,"Cuando te hizo la transacci√≥n a tu cuenta, ¬øel comerciante al que le vendiste tus criptomonedas en P2P espec√≠fico en el concepto de la transferencia que se trataba de un pago por comercio de criptomonedas?",NEUTRAL
211,Denunciado por hacer p2p en Binance,"Consulta por ignorancia, porque cobras por medio de p2p de binance? Es m√°s r√°pido y menos costoso?",NEUTRAL
212,Denunciado por hacer p2p en Binance,La transferencia que te hacen tiene que ser del titular mismo que de Binance? Me explico no aceptes pagos de 3eros porque Binance P2P est√° lleno de Delicuentes que vac√≠an cuentas de banco y m√©todo que usan para sacar ese dinero es mediante crypto en este caso P2P.,NEGATIVO
213,Denunciado por hacer p2p en Binance,"Por casi dos a√±os y medio trabaje de forma remota. Cobraba mucho m√°s del sueldo m√≠nimo y siempre siempre siempre realice mis transacciones por comercio P2P
JAMAS tuve problemas, ac√° el punto es que las criptos no est√°n reguladas todav√≠a en Paraguay y para evitarse problemas, a la hora de la transacci√≥n, siempre hacerlo con verificados y en la descripci√≥n de tranferencias JAMAS poner NADA relacionado a criptos. Nada de nada luego.",NEUTRAL
214,Denunciado por hacer p2p en Binance,"Mis queridos compatriotas lo que pasa es que el usdt y las cryptos monedas no est√°n a√∫n regularizadas por el bcp, nuestro banco central y muchas cosas m√°s que me encantar√≠a que entiendan:

Punto n√∫mero 1, los mineros le tienen arto a las instituciones, porque ya tu sabe se tiran la pelota con la ande y hay much√≠simos clandestinos, sobre cargas, un quilombo es 

2- ojo al dato aqu√≠ : ‚ÄúEl proyecto de ley presentado el 4 de abril prohibir√≠a ‚Äúla instalaci√≥n de granjas de miner√≠a de criptomonedas‚Äù, as√≠ como ‚Äúla creaci√≥n, conservaci√≥n, almacenamiento y comercializaci√≥n‚Äù de criptomonedas.‚Äù 
Querido gobierno no quiere saber nada y ah√≠ est√° el por qu√© del bloqueo de tu cuenta mi rey 

3- bueno en 2021 co bcp dijo que si bueno pueden usar el bitcoin y vender, intercambiar y hacer el ya tu sabe la comisi√≥n por crypto vs fiat (dinero vino, o transferencias bancarias sipap) , PEROOOOO como bcp controla a la gente que hace eso , vooos como m√≠nimo Tenes que tener toda una infraestructura estilo casa de cambio, con oficial de cumplimento, sociedad, presidentes y dem√°s todo legal 


Y nada la incertidumbre ah√≠ del gobierno paraguayo por que sabemmmm muy bien que hay gente como nosotros humilde paraguayito con mam√° soltera, que hacemos unos trandingcitos chill menos de 1 k usdt, pero bro la mejor herramienta actual para el lavado es el usdt‚Ä¶ y ese es el gran problema, circula de todo ah√≠ entre drogas, armas y dem√°s‚Ä¶ cosas que no sabemos ni vemos‚Ä¶ 

Y as√≠ como vos yo tbm perd√≠, por suerte un chiqui, yo devolv√≠ y dije que no tengo nada que ver‚Ä¶ simple echo de ahorrarte un abogado y dem√°s millones por la movida y ser marcado por esas boludeces‚Ä¶ hoy en la actualidad agosto 24 , binance p2p - PYG, ANR REY ! Hay much√≠simos estafadores 


Saludos y espero que no se agrave nada y salgas chill‚Ä¶ sin mayores p√©rdidas‚Ä¶

Mi conejo‚Ä¶ aguantar que todo se viene, ense estaremos solo usando crypto y ya no papel.", NEGATIVO
215,Denunciado por hacer p2p en Binance,El BCP ya se pronunci√≥ con que las criptomonedas no est√°n prohibidas.,NEUTRAL
216,Denunciado por hacer p2p en Binance,"Si este es, primera ley de p2p nunca comerciar con cuentas de terceros porque pueden ser casos de fraude.

Y en caso de que comercio con el titular le tiene que hacer la denuncia por no reconocer el pago de su servicio.

Ahora por todo lo que coment√≥ en el post pareciera ser que hizo la operaci√≥n con alguien que no coincidia los datos ya que no sabe ni quien le hizo la denuncia, que en teoria debe ser el titular de la cuenta bancaria.",NEGATIVO
217,Denunciado por hacer p2p en Binance,Por determinar a√∫n,NEUTRAL
218,Denunciado por hacer p2p en Binance,"El BCP puede decir todo lo que quiera.
No es ley. Y adem√°s como justificas?

O sea si cambias poca plata capaz ni se molestan en revisar. Pero desde la √©poca del operativo a ultranza ya ni aunque tengas contrato el banco te permite recibir m√°s de 10K USD. Si o si necesitas facturar o demostrar con documentos el origen.

Preguntale al due√±o de cripex.com.py.que quer√≠a hacer un exchanhe. Le cancelaron todas las cuentas bancarias. Y no volvi√≥ a abrir.

Aunque eso era en gobierno de Marito.
Quiz√°s alguien con m√°s plata se anima a probar otra vez en este gobierno.
Por lo menos parece que quieren regular el tema de la miner√≠a, entonces algo deben jacer para permitir los exhanges.",NEGATIVO
219,Denunciado por hacer p2p en Binance,"Ni a√∫n as√≠ es garant√≠a amigo, como binance no es legal en nuestro pa√≠s, igual si yo te compro por transferencia y vos me pasas las cryptos a mi billetera de binance, yo me quedo con tu saldo y aparte te puedo denunciar para que me devuelvas los fondos que te transfiero, argumentado que mi cuenta bancaria fue hackeado, esos historiales de transacciones en binance no tiene respaldo legal, y tampoco el intercambio de divisas digitales. Por eso ahora todos tienen miedo para operar",NEGATIVO
220,Denunciado por hacer p2p en Binance,"No tiene nada que ver Paraguay. Y tampoco podes culparle al banco por querer protegerse o no proveer un servicio que  no es seguro o donde muchos caen de estafas, para que querr√≠an meterse en eso?. Crypto es genial pero es todo un tema y al parecer alguien intent√≥ estafarte.. T√©cnicamente solo vos tenes la culpa ac√°.",NEGATIVO
221,Denunciado por hacer p2p en Binance,"Ah√≠ est√° la respuesta....pasa que comercializar cryptos por m√°s que el titular sea propietario de ambas cuentas, binance y banco.....no es garant√≠a la comercializaci√≥n, porque as√≠ como mencionaste, yo soy el comprador te transfiero el dinero por la cantidad de cryptos que quiero obtener, recib√≠s el dinero, me transferiste a mi binance las cryptos, luego de recibir las cryptos, llanos al banco a decir que me hackearon la cuenta....el banco forzado te saca el dinero transferido, y recupero mi dinero aparte con tu cryptos...
Ya que como t√∫ dices.... comercialmente no es legal lo de p2p",NEGATIVO
222,Denunciado por hacer p2p en Binance,"Lo m√°s practico si se precisa cambiar mensualmente es ir haciendo contactos seguros dentro de p2p y cambiar siempre con los mismos, yo pido verificaci√≥n a cada persona con la que comercializo, te das cuenta enseguida cuando la cuenta es comprada o va a ser una estafa, con solo cruzar unas palabras. Puedo recomendar usuarios seguros en privado.",NEUTRAL
223,Denunciado por hacer p2p en Binance,"Estan en Asuncion, aqui te dejo la web 
Solo trabajan con la red de binance, includo para btc, no utilizan otra red, solo la de binance.

Estan en una torre frente al shopping del sol y atienden en persona, asi que lo mejor es que vayas alli fisicamente y compruebes que todo esta ok, despues podras comprar los usdt, pero ya sabes, te los ponen en una wallet de ellos y para enviarlos solo puedes por la cadena de bloques de bnb",NEUTRAL
224,Denunciado por hacer p2p en Binance,"Qu√© extra√±o porque jam√°s tuve problemas en P2P, siempre y cuando no se especifique el concepto. ¬øTienes alg√∫n dato de qui√©n hizo la denuncia?",NEUTRAL
225,Denunciado por hacer p2p en Binance,"Eso es exactamente amigo, yo tambi√©n soy comerciante de p2p, mas bien Tenes que especificar que vendiste un token o activo de stablecoin o moneda del d√≥lar virtual, que tuviste como ahorro en la denuncia, ya que si es titular Tenes todo los datos en binance, y por la transferencia que recibiste, ha no ser que fuera de tercero es mas jodido as√≠ ya que por despistado te paso, siempre hay y habr√° persona que trante de estafar.",NEGATIVO
226,Denunciado por hacer p2p en Binance,"Como que no podes ""culparle al banco""? Ellos tienen la obligaci√≥n de proteger los fondos de sus clientes. O acaso por el simple acceso que tengan en tu cuenta bancaria van a poder hacer movimientos sin que te dieras cuenta? Ac√° es eso lo que se critica. El tema crypto pasa a segundo plano porque no hay nada ilegal ni extraordinario en eso. En otros pa√≠ses se cuenta con un seguro para estos casos. Ac√° s√≥lo el BNF cuenta con eso.",NEUTRAL
227,Denunciado por hacer p2p en Binance,"Asi es, si es el titular que lo denuncie pero porque vendio algo suyo nada de comercio de criptomonedas porque al final vos lo estas usando como un objeto virtual tuyo no lo usas para comprar algo asi que no deberia de aplicar nada de regulaciones, y si hizo un comercio con una cuenta de terceros que se olvide del tema y devuelva la plata porque lo mas probable es que el titular haya caido en phishing.",NEGATIVO
228,Denunciado por hacer p2p en Binance,"Y lo hacen. Cuando te estafan con tarjetas de cr√©ditos y eso de una te recuperan todo.. Si cumpl√≠s vos, ellos ayudan. Pero no podes esperar romper sus condiciones y exigir que te ayuden. Claramente dicen que cripto no tocan y esta bajo tu responsabilidad si haces eso. Banco Familiar al menos.",NEGATIVO
229,Denunciado por hacer p2p en Binance,"Era pio verificado el man con el que comerciaste? Siempre tenes que fijarte en eso porque kachafa son los perros, si ponen en motivos de transferencia binance o cripto al toque el banco te bloquea.",NEGATIVO
